region.centroid.col,region.centroid.row,region.pixel.count,short.line.density.5,short.line.density.2,vedge.mean,vegde.sd,hedge.mean,hedge.sd,intensity.mean,rawred.mean,rawblue.mean,rawgreen.mean,exred.mean,exblue.mean,exgreen.mean,value.mean,saturation.mean,hue-mean
22,90,10,0,0,0.66666794,0.044444147,0.88,0.56296283,112,105.888885,128.55556,106,-22.777779,45.22222,-22.444445,128.55556,0.17969723,-2.0978148
210,200,9,0,0,1.3,0.9981452,1.6111107,1.1238158,49.48148,45,60.666668,43,-14.111111,35,-19.444445,60.666668,0.29078844,-1.9875989
240,184,9,0,0,0.5000002,0.077777766,0.7777777,0.785185,11.851851,9.777778,9.888889,15.888889,-5,-5.888889,13,15.888889,0.5,2.1286457
130,191,9,0,0,1,0.4,1.5,1.0111109,7.3333335,5.3333335,5,11.222222,-7,-5.6666665,11.666667,11.222222,0.5358197,2.1224225
