Clust,child_mort,exports,health,imports,income,inflation,life_expec,total_fer,gdpp
0,4.953333333333333,45.82666666666667,9.168666666666667,39.736666666666665,45250.0,2.7422,80.37666666666668,1.7953333333333332,43333.333333333336
1,92.15652173913043,29.235,6.417173913043478,42.86521739130435,3916.1521739130435,10.020108695652175,59.15869565217392,4.99,1913.5217391304348
2,21.384705882352943,41.37751764705882,6.2608235294117645,48.294892941176464,12988.941176470587,6.586717647058824,72.98588235294118,2.280235294117647,6891.905882352941
3,4.133333333333333,176.0,6.793333333333333,156.66666666666666,64033.333333333336,2.468,81.43333333333334,1.38,57566.666666666664
4,57.73333333333333,33.5,5.140000000000001,30.566666666666666,9786.666666666666,63.03333333333333,67.36666666666667,3.6500000000000004,6160.0
