iter	RMSE
0	22957.27887
1	20571.70142
2	18991.09363
3	17935.58844
4	17223.26439
5	16706.58356
6	16250.3616
7	15879.46625
8	15430.51861
9	15207.43152
10	15062.45589
11	14839.33489
12	14821.22807
13	14653.60764
14	14512.05461
15	14413.26058
16	14352.82089
17	14259.57742
18	14209.32342
19	14146.50472
20	14052.35221
21	13971.16041
22	13863.48171
23	13780.97247
24	13657.78796
