iter	Logloss
0	0.2913312136
1	0.186572241
2	0.1515248569
3	0.12990488
4	0.1146819766
5	0.1071006434
6	0.103281113
7	0.09759133547
8	0.09120716173
9	0.08977298949
10	0.08743041918
11	0.08522018255
12	0.08285020615
13	0.08074748146
14	0.07921281685
15	0.0774306499
16	0.07587264532
17	0.07453768675
18	0.0735573716
19	0.07258418249
20	0.07063857511
21	0.0695755821
22	0.06805368886
23	0.06780054362
24	0.06672562621
25	0.06548427896
26	0.06435529645
27	0.06387446653
28	0.06331194188
29	0.06274859455
